ad_ac_bcf1_14d_ainst	Int
ad_ac_bcf1_14d_clk	Int
ad_ac_bcf1_14d_clk/ainst	Int
ad_ac_bcf1_14d_clk/inst	Int
ad_ac_bcf1_14d_clk_ainst	Int
ad_ac_bcf1_14d_clk_inst	Int
ad_ac_bcf1_14d_imp	Int
ad_ac_bcf1_14d_imp/ainst	Int
ad_ac_bcf1_14d_imp/clk	Int
ad_ac_bcf1_14d_imp/inst	Int
ad_ac_bcf1_14d_imp_ainst	Int
ad_ac_bcf1_14d_imp_clk	Int
ad_ac_bcf1_14d_imp_inst	Int
ad_ac_bcf1_14d_inst	Int
ad_ac_bcf1_14d_inst/ainst	Int
ad_ac_bcf1_14d_inst_ainst	Int
ad_ac_bcf1_30d_ainst	Int
ad_ac_bcf1_30d_clk	Int
ad_ac_bcf1_30d_clk/ainst	Int
ad_ac_bcf1_30d_clk/inst	Int
ad_ac_bcf1_30d_clk_ainst	Int
ad_ac_bcf1_30d_clk_inst	Int
ad_ac_bcf1_30d_imp	Int
ad_ac_bcf1_30d_imp/ainst	Int
ad_ac_bcf1_30d_imp/clk	Int
ad_ac_bcf1_30d_imp/inst	Int
ad_ac_bcf1_30d_imp_ainst	Int
ad_ac_bcf1_30d_imp_clk	Int
ad_ac_bcf1_30d_imp_inst	Int
ad_ac_bcf1_30d_inst	Int
ad_ac_bcf1_30d_inst/ainst	Int
ad_ac_bcf1_30d_inst_ainst	Int
ad_ac_bcf1_7d_ainst	Int
ad_ac_bcf1_7d_clk	Int
ad_ac_bcf1_7d_clk/ainst	Int
ad_ac_bcf1_7d_clk/inst	Int
ad_ac_bcf1_7d_clk_ainst	Int
ad_ac_bcf1_7d_clk_inst	Int
ad_ac_bcf1_7d_imp	Int
ad_ac_bcf1_7d_imp/ainst	Int
ad_ac_bcf1_7d_imp/clk	Int
ad_ac_bcf1_7d_imp/inst	Int
ad_ac_bcf1_7d_imp_ainst	Int
ad_ac_bcf1_7d_imp_clk	Int
ad_ac_bcf1_7d_imp_inst	Int
ad_ac_bcf1_7d_inst	Int
ad_ac_bcf1_7d_inst/ainst	Int
ad_ac_bcf1_7d_inst_ainst	Int
ad_ac_bcf2_14d_ainst	Int
ad_ac_bcf2_14d_clk	Int
ad_ac_bcf2_14d_clk/ainst	Int
ad_ac_bcf2_14d_clk/inst	Int
ad_ac_bcf2_14d_clk_ainst	Int
ad_ac_bcf2_14d_clk_inst	Int
ad_ac_bcf2_14d_imp	Int
ad_ac_bcf2_14d_imp/ainst	Int
ad_ac_bcf2_14d_imp/clk	Int
ad_ac_bcf2_14d_imp/inst	Int
ad_ac_bcf2_14d_imp_ainst	Int
ad_ac_bcf2_14d_imp_clk	Int
ad_ac_bcf2_14d_imp_inst	Int
ad_ac_bcf2_14d_inst	Int
ad_ac_bcf2_14d_inst/ainst	Int
ad_ac_bcf2_14d_inst_ainst	Int
ad_ac_bcf2_30d_ainst	Int
ad_ac_bcf2_30d_clk	Int
ad_ac_bcf2_30d_clk/ainst	Int
ad_ac_bcf2_30d_clk/inst	Int
ad_ac_bcf2_30d_clk_ainst	Int
ad_ac_bcf2_30d_clk_inst	Int
ad_ac_bcf2_30d_imp	Int
ad_ac_bcf2_30d_imp/ainst	Int
ad_ac_bcf2_30d_imp/clk	Int
ad_ac_bcf2_30d_imp/inst	Int
ad_ac_bcf2_30d_imp_ainst	Int
ad_ac_bcf2_30d_imp_clk	Int
ad_ac_bcf2_30d_imp_inst	Int
ad_ac_bcf2_30d_inst	Int
ad_ac_bcf2_30d_inst/ainst	Int
ad_ac_bcf2_30d_inst_ainst	Int
ad_ac_bcf2_7d_ainst	Int
ad_ac_bcf2_7d_clk	Int
ad_ac_bcf2_7d_clk/ainst	Int
ad_ac_bcf2_7d_clk/inst	Int
ad_ac_bcf2_7d_clk_ainst	Int
ad_ac_bcf2_7d_clk_inst	Int
ad_ac_bcf2_7d_imp	Int
ad_ac_bcf2_7d_imp/ainst	Int
ad_ac_bcf2_7d_imp/clk	Int
ad_ac_bcf2_7d_imp/inst	Int
ad_ac_bcf2_7d_imp_ainst	Int
ad_ac_bcf2_7d_imp_clk	Int
ad_ac_bcf2_7d_imp_inst	Int
ad_ac_bcf2_7d_inst	Int
ad_ac_bcf2_7d_inst/ainst	Int
ad_ac_bcf2_7d_inst_ainst	Int
ad_ac_bcf3_14d_ainst	Int
ad_ac_bcf3_14d_clk	Int
ad_ac_bcf3_14d_clk/ainst	Int
ad_ac_bcf3_14d_clk/inst	Int
ad_ac_bcf3_14d_clk_ainst	Int
ad_ac_bcf3_14d_clk_inst	Int
ad_ac_bcf3_14d_imp	Int
ad_ac_bcf3_14d_imp/ainst	Int
ad_ac_bcf3_14d_imp/clk	Int
ad_ac_bcf3_14d_imp/inst	Int
ad_ac_bcf3_14d_imp_ainst	Int
ad_ac_bcf3_14d_imp_clk	Int
ad_ac_bcf3_14d_imp_inst	Int
ad_ac_bcf3_14d_inst	Int
ad_ac_bcf3_14d_inst/ainst	Int
ad_ac_bcf3_14d_inst_ainst	Int
ad_ac_bcf3_30d_ainst	Int
ad_ac_bcf3_30d_clk	Int
ad_ac_bcf3_30d_clk/ainst	Int
ad_ac_bcf3_30d_clk/inst	Int
ad_ac_bcf3_30d_clk_ainst	Int
ad_ac_bcf3_30d_clk_inst	Int
ad_ac_bcf3_30d_imp	Int
ad_ac_bcf3_30d_imp/ainst	Int
ad_ac_bcf3_30d_imp/clk	Int
ad_ac_bcf3_30d_imp/inst	Int
ad_ac_bcf3_30d_imp_ainst	Int
ad_ac_bcf3_30d_imp_clk	Int
ad_ac_bcf3_30d_imp_inst	Int
ad_ac_bcf3_30d_inst	Int
ad_ac_bcf3_30d_inst/ainst	Int
ad_ac_bcf3_30d_inst_ainst	Int
ad_ac_bcf3_7d_ainst	Int
ad_ac_bcf3_7d_clk	Int
ad_ac_bcf3_7d_clk/ainst	Int
ad_ac_bcf3_7d_clk/inst	Int
ad_ac_bcf3_7d_clk_ainst	Int
ad_ac_bcf3_7d_clk_inst	Int
ad_ac_bcf3_7d_imp	Int
ad_ac_bcf3_7d_imp/ainst	Int
ad_ac_bcf3_7d_imp/clk	Int
ad_ac_bcf3_7d_imp/inst	Int
ad_ac_bcf3_7d_imp_ainst	Int
ad_ac_bcf3_7d_imp_clk	Int
ad_ac_bcf3_7d_imp_inst	Int
ad_ac_bcf3_7d_inst	Int
ad_ac_bcf3_7d_inst/ainst	Int
ad_ac_bcf3_7d_inst_ainst	Int
ad_ac_bcf4_14d_ainst	Int
ad_ac_bcf4_14d_clk	Int
ad_ac_bcf4_14d_clk/ainst	Int
ad_ac_bcf4_14d_clk/inst	Int
ad_ac_bcf4_14d_clk_ainst	Int
ad_ac_bcf4_14d_clk_inst	Int
ad_ac_bcf4_14d_imp	Int
ad_ac_bcf4_14d_imp/ainst	Int
ad_ac_bcf4_14d_imp/clk	Int
ad_ac_bcf4_14d_imp/inst	Int
ad_ac_bcf4_14d_imp_ainst	Int
ad_ac_bcf4_14d_imp_clk	Int
ad_ac_bcf4_14d_imp_inst	Int
ad_ac_bcf4_14d_inst	Int
ad_ac_bcf4_14d_inst/ainst	Int
ad_ac_bcf4_14d_inst_ainst	Int
ad_ac_bcf4_30d_ainst	Int
ad_ac_bcf4_30d_clk	Int
ad_ac_bcf4_30d_clk/ainst	Int
ad_ac_bcf4_30d_clk/inst	Int
ad_ac_bcf4_30d_clk_ainst	Int
ad_ac_bcf4_30d_clk_inst	Int
ad_ac_bcf4_30d_imp	Int
ad_ac_bcf4_30d_imp/ainst	Int
ad_ac_bcf4_30d_imp/clk	Int
ad_ac_bcf4_30d_imp/inst	Int
ad_ac_bcf4_30d_imp_ainst	Int
ad_ac_bcf4_30d_imp_clk	Int
ad_ac_bcf4_30d_imp_inst	Int
ad_ac_bcf4_30d_inst	Int
ad_ac_bcf4_30d_inst/ainst	Int
ad_ac_bcf4_30d_inst_ainst	Int
ad_ac_bcf4_7d_ainst	Int
ad_ac_bcf4_7d_clk	Int
ad_ac_bcf4_7d_clk/ainst	Int
ad_ac_bcf4_7d_clk/inst	Int
ad_ac_bcf4_7d_clk_ainst	Int
ad_ac_bcf4_7d_clk_inst	Int
ad_ac_bcf4_7d_imp	Int
ad_ac_bcf4_7d_imp/ainst	Int
ad_ac_bcf4_7d_imp/clk	Int
ad_ac_bcf4_7d_imp/inst	Int
ad_ac_bcf4_7d_imp_ainst	Int
ad_ac_bcf4_7d_imp_clk	Int
ad_ac_bcf4_7d_imp_inst	Int
ad_ac_bcf4_7d_inst	Int
ad_ac_bcf4_7d_inst/ainst	Int
ad_ac_bcf4_7d_inst_ainst	Int
ad_ac_bcf5_14d_ainst	Int
ad_ac_bcf5_14d_clk	Int
ad_ac_bcf5_14d_clk/ainst	Int
ad_ac_bcf5_14d_clk/inst	Int
ad_ac_bcf5_14d_clk_ainst	Int
ad_ac_bcf5_14d_clk_inst	Int
ad_ac_bcf5_14d_imp	Int
ad_ac_bcf5_14d_imp/ainst	Int
ad_ac_bcf5_14d_imp/clk	Int
ad_ac_bcf5_14d_imp/inst	Int
ad_ac_bcf5_14d_imp_ainst	Int
ad_ac_bcf5_14d_imp_clk	Int
ad_ac_bcf5_14d_imp_inst	Int
ad_ac_bcf5_14d_inst	Int
ad_ac_bcf5_14d_inst/ainst	Int
ad_ac_bcf5_14d_inst_ainst	Int
ad_ac_bcf5_30d_ainst	Int
ad_ac_bcf5_30d_clk	Int
ad_ac_bcf5_30d_clk/ainst	Int
ad_ac_bcf5_30d_clk/inst	Int
ad_ac_bcf5_30d_clk_ainst	Int
ad_ac_bcf5_30d_clk_inst	Int
ad_ac_bcf5_30d_imp	Int
ad_ac_bcf5_30d_imp/ainst	Int
ad_ac_bcf5_30d_imp/clk	Int
ad_ac_bcf5_30d_imp/inst	Int
ad_ac_bcf5_30d_imp_ainst	Int
ad_ac_bcf5_30d_imp_clk	Int
ad_ac_bcf5_30d_imp_inst	Int
ad_ac_bcf5_30d_inst	Int
ad_ac_bcf5_30d_inst/ainst	Int
ad_ac_bcf5_30d_inst_ainst	Int
ad_ac_bcf5_7d_ainst	Int
ad_ac_bcf5_7d_clk	Int
ad_ac_bcf5_7d_clk/ainst	Int
ad_ac_bcf5_7d_clk/inst	Int
ad_ac_bcf5_7d_clk_ainst	Int
ad_ac_bcf5_7d_clk_inst	Int
ad_ac_bcf5_7d_imp	Int
ad_ac_bcf5_7d_imp/ainst	Int
ad_ac_bcf5_7d_imp/clk	Int
ad_ac_bcf5_7d_imp/inst	Int
ad_ac_bcf5_7d_imp_ainst	Int
ad_ac_bcf5_7d_imp_clk	Int
ad_ac_bcf5_7d_imp_inst	Int
ad_ac_bcf5_7d_inst	Int
ad_ac_bcf5_7d_inst/ainst	Int
ad_ac_bcf5_7d_inst_ainst	Int
ad_ac_bcf6_14d_ainst	Int
ad_ac_bcf6_14d_clk	Int
ad_ac_bcf6_14d_clk/ainst	Int
ad_ac_bcf6_14d_clk/inst	Int
ad_ac_bcf6_14d_clk_ainst	Int
ad_ac_bcf6_14d_clk_inst	Int
ad_ac_bcf6_14d_imp	Int
ad_ac_bcf6_14d_imp/ainst	Int
ad_ac_bcf6_14d_imp/clk	Int
ad_ac_bcf6_14d_imp/inst	Int
ad_ac_bcf6_14d_imp_ainst	Int
ad_ac_bcf6_14d_imp_clk	Int
ad_ac_bcf6_14d_imp_inst	Int
ad_ac_bcf6_14d_inst	Int
ad_ac_bcf6_14d_inst/ainst	Int
ad_ac_bcf6_14d_inst_ainst	Int
ad_ac_bcf6_30d_ainst	Int
ad_ac_bcf6_30d_clk	Int
ad_ac_bcf6_30d_clk/ainst	Int
ad_ac_bcf6_30d_clk/inst	Int
ad_ac_bcf6_30d_clk_ainst	Int
ad_ac_bcf6_30d_clk_inst	Int
ad_ac_bcf6_30d_imp	Int
ad_ac_bcf6_30d_imp/ainst	Int
ad_ac_bcf6_30d_imp/clk	Int
ad_ac_bcf6_30d_imp/inst	Int
ad_ac_bcf6_30d_imp_ainst	Int
ad_ac_bcf6_30d_imp_clk	Int
ad_ac_bcf6_30d_imp_inst	Int
ad_ac_bcf6_30d_inst	Int
ad_ac_bcf6_30d_inst/ainst	Int
ad_ac_bcf6_30d_inst_ainst	Int
ad_ac_bcf6_7d_ainst	Int
ad_ac_bcf6_7d_clk	Int
ad_ac_bcf6_7d_clk/ainst	Int
ad_ac_bcf6_7d_clk/inst	Int
ad_ac_bcf6_7d_clk_ainst	Int
ad_ac_bcf6_7d_clk_inst	Int
ad_ac_bcf6_7d_imp	Int
ad_ac_bcf6_7d_imp/ainst	Int
ad_ac_bcf6_7d_imp/clk	Int
ad_ac_bcf6_7d_imp/inst	Int
ad_ac_bcf6_7d_imp_ainst	Int
ad_ac_bcf6_7d_imp_clk	Int
ad_ac_bcf6_7d_imp_inst	Int
ad_ac_bcf6_7d_inst	Int
ad_ac_bcf6_7d_inst/ainst	Int
ad_ac_bcf6_7d_inst_ainst	Int
ad_ai_adid	Int
ad_ai_aid	Int
ad_ai_attd	Int
ad_ai_attp	Int
ad_ai_cate	Int
ctx_app2	Int
ctx_app_ver	Int
ctx_brand	Int
ctx_ip	Int
ctx_model	Int
ctx_nation	Int
ctx_ne3	Int
ctx_os4	Int
ctx_pi1	Int
ctx_req_hour	Int
ctx_req_time	Int
ctx_req_week	Int
up_ub2_age	Int
up_ub2_city	Int
up_ub2_country	Int
up_ub2_gender	Int
up_ub2_province	Int
up_uc_uid_14d_ainst	Int
up_uc_uid_14d_clk	Int
up_uc_uid_14d_clk/ainst	Int
up_uc_uid_14d_clk/inst	Int
up_uc_uid_14d_clk_ainst	Int
up_uc_uid_14d_clk_inst	Int
up_uc_uid_14d_imp	Int
up_uc_uid_14d_imp/ainst	Int
up_uc_uid_14d_imp/clk	Int
up_uc_uid_14d_imp/inst	Int
up_uc_uid_14d_imp_ainst	Int
up_uc_uid_14d_imp_clk	Int
up_uc_uid_14d_imp_inst	Int
up_uc_uid_14d_inst	Int
up_uc_uid_14d_inst/ainst	Int
up_uc_uid_14d_inst_ainst	Int
up_uc_uid_30d_ainst	Int
up_uc_uid_30d_clk	Int
up_uc_uid_30d_clk/ainst	Int
up_uc_uid_30d_clk/inst	Int
up_uc_uid_30d_clk_ainst	Int
up_uc_uid_30d_clk_inst	Int
up_uc_uid_30d_imp	Int
up_uc_uid_30d_imp/ainst	Int
up_uc_uid_30d_imp/clk	Int
up_uc_uid_30d_imp/inst	Int
up_uc_uid_30d_imp_ainst	Int
up_uc_uid_30d_imp_clk	Int
up_uc_uid_30d_imp_inst	Int
up_uc_uid_30d_inst	Int
up_uc_uid_30d_inst/ainst	Int
up_uc_uid_30d_inst_ainst	Int
up_uc_uid_7d_ainst	Int
up_uc_uid_7d_clk	Int
up_uc_uid_7d_clk/ainst	Int
up_uc_uid_7d_clk/inst	Int
up_uc_uid_7d_clk_ainst	Int
up_uc_uid_7d_clk_inst	Int
up_uc_uid_7d_imp	Int
up_uc_uid_7d_imp/ainst	Int
up_uc_uid_7d_imp/clk	Int
up_uc_uid_7d_imp/inst	Int
up_uc_uid_7d_imp_ainst	Int
up_uc_uid_7d_imp_clk	Int
up_uc_uid_7d_imp_inst	Int
up_uc_uid_7d_inst	Int
up_uc_uid_7d_inst/ainst	Int
up_uc_uid_7d_inst_ainst	Int
up_uid	Int
user_ad_uac_bcf1_14d_ainst	Int
user_ad_uac_bcf1_14d_clk	Int
user_ad_uac_bcf1_14d_clk/ainst	Int
user_ad_uac_bcf1_14d_clk/inst	Int
user_ad_uac_bcf1_14d_clk_ainst	Int
user_ad_uac_bcf1_14d_clk_inst	Int
user_ad_uac_bcf1_14d_imp	Int
user_ad_uac_bcf1_14d_imp/ainst	Int
user_ad_uac_bcf1_14d_imp/clk	Int
user_ad_uac_bcf1_14d_imp/inst	Int
user_ad_uac_bcf1_14d_imp_ainst	Int
user_ad_uac_bcf1_14d_imp_clk	Int
user_ad_uac_bcf1_14d_imp_inst	Int
user_ad_uac_bcf1_14d_inst	Int
user_ad_uac_bcf1_14d_inst/ainst	Int
user_ad_uac_bcf1_14d_inst_ainst	Int
user_ad_uac_bcf1_30d_ainst	Int
user_ad_uac_bcf1_30d_clk	Int
user_ad_uac_bcf1_30d_clk/ainst	Int
user_ad_uac_bcf1_30d_clk/inst	Int
user_ad_uac_bcf1_30d_clk_ainst	Int
user_ad_uac_bcf1_30d_clk_inst	Int
user_ad_uac_bcf1_30d_imp	Int
user_ad_uac_bcf1_30d_imp/ainst	Int
user_ad_uac_bcf1_30d_imp/clk	Int
user_ad_uac_bcf1_30d_imp/inst	Int
user_ad_uac_bcf1_30d_imp_ainst	Int
user_ad_uac_bcf1_30d_imp_clk	Int
user_ad_uac_bcf1_30d_imp_inst	Int
user_ad_uac_bcf1_30d_inst	Int
user_ad_uac_bcf1_30d_inst/ainst	Int
user_ad_uac_bcf1_30d_inst_ainst	Int
user_ad_uac_bcf1_7d_ainst	Int
user_ad_uac_bcf1_7d_clk	Int
user_ad_uac_bcf1_7d_clk/ainst	Int
user_ad_uac_bcf1_7d_clk/inst	Int
user_ad_uac_bcf1_7d_clk_ainst	Int
user_ad_uac_bcf1_7d_clk_inst	Int
user_ad_uac_bcf1_7d_imp	Int
user_ad_uac_bcf1_7d_imp/ainst	Int
user_ad_uac_bcf1_7d_imp/clk	Int
user_ad_uac_bcf1_7d_imp/inst	Int
user_ad_uac_bcf1_7d_imp_ainst	Int
user_ad_uac_bcf1_7d_imp_clk	Int
user_ad_uac_bcf1_7d_imp_inst	Int
user_ad_uac_bcf1_7d_inst	Int
user_ad_uac_bcf1_7d_inst/ainst	Int
user_ad_uac_bcf1_7d_inst_ainst	Int
user_ad_uac_bcf2_14d_ainst	Int
user_ad_uac_bcf2_14d_clk	Int
user_ad_uac_bcf2_14d_clk/ainst	Int
user_ad_uac_bcf2_14d_clk/inst	Int
user_ad_uac_bcf2_14d_clk_ainst	Int
user_ad_uac_bcf2_14d_clk_inst	Int
user_ad_uac_bcf2_14d_imp	Int
user_ad_uac_bcf2_14d_imp/ainst	Int
user_ad_uac_bcf2_14d_imp/clk	Int
user_ad_uac_bcf2_14d_imp/inst	Int
user_ad_uac_bcf2_14d_imp_ainst	Int
user_ad_uac_bcf2_14d_imp_clk	Int
user_ad_uac_bcf2_14d_imp_inst	Int
user_ad_uac_bcf2_14d_inst	Int
user_ad_uac_bcf2_14d_inst/ainst	Int
user_ad_uac_bcf2_14d_inst_ainst	Int
user_ad_uac_bcf2_30d_ainst	Int
user_ad_uac_bcf2_30d_clk	Int
user_ad_uac_bcf2_30d_clk/ainst	Int
user_ad_uac_bcf2_30d_clk/inst	Int
user_ad_uac_bcf2_30d_clk_ainst	Int
user_ad_uac_bcf2_30d_clk_inst	Int
user_ad_uac_bcf2_30d_imp	Int
user_ad_uac_bcf2_30d_imp/ainst	Int
user_ad_uac_bcf2_30d_imp/clk	Int
user_ad_uac_bcf2_30d_imp/inst	Int
user_ad_uac_bcf2_30d_imp_ainst	Int
user_ad_uac_bcf2_30d_imp_clk	Int
user_ad_uac_bcf2_30d_imp_inst	Int
user_ad_uac_bcf2_30d_inst	Int
user_ad_uac_bcf2_30d_inst/ainst	Int
user_ad_uac_bcf2_30d_inst_ainst	Int
user_ad_uac_bcf2_7d_ainst	Int
user_ad_uac_bcf2_7d_clk	Int
user_ad_uac_bcf2_7d_clk/ainst	Int
user_ad_uac_bcf2_7d_clk/inst	Int
user_ad_uac_bcf2_7d_clk_ainst	Int
user_ad_uac_bcf2_7d_clk_inst	Int
user_ad_uac_bcf2_7d_imp	Int
user_ad_uac_bcf2_7d_imp/ainst	Int
user_ad_uac_bcf2_7d_imp/clk	Int
user_ad_uac_bcf2_7d_imp/inst	Int
user_ad_uac_bcf2_7d_imp_ainst	Int
user_ad_uac_bcf2_7d_imp_clk	Int
user_ad_uac_bcf2_7d_imp_inst	Int
user_ad_uac_bcf2_7d_inst	Int
user_ad_uac_bcf2_7d_inst/ainst	Int
user_ad_uac_bcf2_7d_inst_ainst	Int
user_ad_uac_bcf3_14d_ainst	Int
user_ad_uac_bcf3_14d_clk	Int
user_ad_uac_bcf3_14d_clk/ainst	Int
user_ad_uac_bcf3_14d_clk/inst	Int
user_ad_uac_bcf3_14d_clk_ainst	Int
user_ad_uac_bcf3_14d_clk_inst	Int
user_ad_uac_bcf3_14d_imp	Int
user_ad_uac_bcf3_14d_imp/ainst	Int
user_ad_uac_bcf3_14d_imp/clk	Int
user_ad_uac_bcf3_14d_imp/inst	Int
user_ad_uac_bcf3_14d_imp_ainst	Int
user_ad_uac_bcf3_14d_imp_clk	Int
user_ad_uac_bcf3_14d_imp_inst	Int
user_ad_uac_bcf3_14d_inst	Int
user_ad_uac_bcf3_14d_inst/ainst	Int
user_ad_uac_bcf3_14d_inst_ainst	Int
user_ad_uac_bcf3_30d_ainst	Int
user_ad_uac_bcf3_30d_clk	Int
user_ad_uac_bcf3_30d_clk/ainst	Int
user_ad_uac_bcf3_30d_clk/inst	Int
user_ad_uac_bcf3_30d_clk_ainst	Int
user_ad_uac_bcf3_30d_clk_inst	Int
user_ad_uac_bcf3_30d_imp	Int
user_ad_uac_bcf3_30d_imp/ainst	Int
user_ad_uac_bcf3_30d_imp/clk	Int
user_ad_uac_bcf3_30d_imp/inst	Int
user_ad_uac_bcf3_30d_imp_ainst	Int
user_ad_uac_bcf3_30d_imp_clk	Int
user_ad_uac_bcf3_30d_imp_inst	Int
user_ad_uac_bcf3_30d_inst	Int
user_ad_uac_bcf3_30d_inst/ainst	Int
user_ad_uac_bcf3_30d_inst_ainst	Int
user_ad_uac_bcf3_7d_ainst	Int
user_ad_uac_bcf3_7d_clk	Int
user_ad_uac_bcf3_7d_clk/ainst	Int
user_ad_uac_bcf3_7d_clk/inst	Int
user_ad_uac_bcf3_7d_clk_ainst	Int
user_ad_uac_bcf3_7d_clk_inst	Int
user_ad_uac_bcf3_7d_imp	Int
user_ad_uac_bcf3_7d_imp/ainst	Int
user_ad_uac_bcf3_7d_imp/clk	Int
user_ad_uac_bcf3_7d_imp/inst	Int
user_ad_uac_bcf3_7d_imp_ainst	Int
user_ad_uac_bcf3_7d_imp_clk	Int
user_ad_uac_bcf3_7d_imp_inst	Int
user_ad_uac_bcf3_7d_inst	Int
user_ad_uac_bcf3_7d_inst/ainst	Int
user_ad_uac_bcf3_7d_inst_ainst	Int
user_ad_uac_bcf4_14d_ainst	Int
user_ad_uac_bcf4_14d_clk	Int
user_ad_uac_bcf4_14d_clk/ainst	Int
user_ad_uac_bcf4_14d_clk/inst	Int
user_ad_uac_bcf4_14d_clk_ainst	Int
user_ad_uac_bcf4_14d_clk_inst	Int
user_ad_uac_bcf4_14d_imp	Int
user_ad_uac_bcf4_14d_imp/ainst	Int
user_ad_uac_bcf4_14d_imp/clk	Int
user_ad_uac_bcf4_14d_imp/inst	Int
user_ad_uac_bcf4_14d_imp_ainst	Int
user_ad_uac_bcf4_14d_imp_clk	Int
user_ad_uac_bcf4_14d_imp_inst	Int
user_ad_uac_bcf4_14d_inst	Int
user_ad_uac_bcf4_14d_inst/ainst	Int
user_ad_uac_bcf4_14d_inst_ainst	Int
user_ad_uac_bcf4_30d_ainst	Int
user_ad_uac_bcf4_30d_clk	Int
user_ad_uac_bcf4_30d_clk/ainst	Int
user_ad_uac_bcf4_30d_clk/inst	Int
user_ad_uac_bcf4_30d_clk_ainst	Int
user_ad_uac_bcf4_30d_clk_inst	Int
user_ad_uac_bcf4_30d_imp	Int
user_ad_uac_bcf4_30d_imp/ainst	Int
user_ad_uac_bcf4_30d_imp/clk	Int
user_ad_uac_bcf4_30d_imp/inst	Int
user_ad_uac_bcf4_30d_imp_ainst	Int
user_ad_uac_bcf4_30d_imp_clk	Int
user_ad_uac_bcf4_30d_imp_inst	Int
user_ad_uac_bcf4_30d_inst	Int
user_ad_uac_bcf4_30d_inst/ainst	Int
user_ad_uac_bcf4_30d_inst_ainst	Int
user_ad_uac_bcf4_7d_ainst	Int
user_ad_uac_bcf4_7d_clk	Int
user_ad_uac_bcf4_7d_clk/ainst	Int
user_ad_uac_bcf4_7d_clk/inst	Int
user_ad_uac_bcf4_7d_clk_ainst	Int
user_ad_uac_bcf4_7d_clk_inst	Int
user_ad_uac_bcf4_7d_imp	Int
user_ad_uac_bcf4_7d_imp/ainst	Int
user_ad_uac_bcf4_7d_imp/clk	Int
user_ad_uac_bcf4_7d_imp/inst	Int
user_ad_uac_bcf4_7d_imp_ainst	Int
user_ad_uac_bcf4_7d_imp_clk	Int
user_ad_uac_bcf4_7d_imp_inst	Int
user_ad_uac_bcf4_7d_inst	Int
user_ad_uac_bcf4_7d_inst/ainst	Int
user_ad_uac_bcf4_7d_inst_ainst	Int
user_ad_uac_bcf5_14d_ainst	Int
user_ad_uac_bcf5_14d_clk	Int
user_ad_uac_bcf5_14d_clk/ainst	Int
user_ad_uac_bcf5_14d_clk/inst	Int
user_ad_uac_bcf5_14d_clk_ainst	Int
user_ad_uac_bcf5_14d_clk_inst	Int
user_ad_uac_bcf5_14d_imp	Int
user_ad_uac_bcf5_14d_imp/ainst	Int
user_ad_uac_bcf5_14d_imp/clk	Int
user_ad_uac_bcf5_14d_imp/inst	Int
user_ad_uac_bcf5_14d_imp_ainst	Int
user_ad_uac_bcf5_14d_imp_clk	Int
user_ad_uac_bcf5_14d_imp_inst	Int
user_ad_uac_bcf5_14d_inst	Int
user_ad_uac_bcf5_14d_inst/ainst	Int
user_ad_uac_bcf5_14d_inst_ainst	Int
user_ad_uac_bcf5_30d_ainst	Int
user_ad_uac_bcf5_30d_clk	Int
user_ad_uac_bcf5_30d_clk/ainst	Int
user_ad_uac_bcf5_30d_clk/inst	Int
user_ad_uac_bcf5_30d_clk_ainst	Int
user_ad_uac_bcf5_30d_clk_inst	Int
user_ad_uac_bcf5_30d_imp	Int
user_ad_uac_bcf5_30d_imp/ainst	Int
user_ad_uac_bcf5_30d_imp/clk	Int
user_ad_uac_bcf5_30d_imp/inst	Int
user_ad_uac_bcf5_30d_imp_ainst	Int
user_ad_uac_bcf5_30d_imp_clk	Int
user_ad_uac_bcf5_30d_imp_inst	Int
user_ad_uac_bcf5_30d_inst	Int
user_ad_uac_bcf5_30d_inst/ainst	Int
user_ad_uac_bcf5_30d_inst_ainst	Int
user_ad_uac_bcf5_7d_ainst	Int
user_ad_uac_bcf5_7d_clk	Int
user_ad_uac_bcf5_7d_clk/ainst	Int
user_ad_uac_bcf5_7d_clk/inst	Int
user_ad_uac_bcf5_7d_clk_ainst	Int
user_ad_uac_bcf5_7d_clk_inst	Int
user_ad_uac_bcf5_7d_imp	Int
user_ad_uac_bcf5_7d_imp/ainst	Int
user_ad_uac_bcf5_7d_imp/clk	Int
user_ad_uac_bcf5_7d_imp/inst	Int
user_ad_uac_bcf5_7d_imp_ainst	Int
user_ad_uac_bcf5_7d_imp_clk	Int
user_ad_uac_bcf5_7d_imp_inst	Int
user_ad_uac_bcf5_7d_inst	Int
user_ad_uac_bcf5_7d_inst/ainst	Int
user_ad_uac_bcf5_7d_inst_ainst	Int
user_ad_uac_bcf6_14d_ainst	Int
user_ad_uac_bcf6_14d_clk	Int
user_ad_uac_bcf6_14d_clk/ainst	Int
user_ad_uac_bcf6_14d_clk/inst	Int
user_ad_uac_bcf6_14d_clk_ainst	Int
user_ad_uac_bcf6_14d_clk_inst	Int
user_ad_uac_bcf6_14d_imp	Int
user_ad_uac_bcf6_14d_imp/ainst	Int
user_ad_uac_bcf6_14d_imp/clk	Int
user_ad_uac_bcf6_14d_imp/inst	Int
user_ad_uac_bcf6_14d_imp_ainst	Int
user_ad_uac_bcf6_14d_imp_clk	Int
user_ad_uac_bcf6_14d_imp_inst	Int
user_ad_uac_bcf6_14d_inst	Int
user_ad_uac_bcf6_14d_inst/ainst	Int
user_ad_uac_bcf6_14d_inst_ainst	Int
user_ad_uac_bcf6_30d_ainst	Int
user_ad_uac_bcf6_30d_clk	Int
user_ad_uac_bcf6_30d_clk/ainst	Int
user_ad_uac_bcf6_30d_clk/inst	Int
user_ad_uac_bcf6_30d_clk_ainst	Int
user_ad_uac_bcf6_30d_clk_inst	Int
user_ad_uac_bcf6_30d_imp	Int
user_ad_uac_bcf6_30d_imp/ainst	Int
user_ad_uac_bcf6_30d_imp/clk	Int
user_ad_uac_bcf6_30d_imp/inst	Int
user_ad_uac_bcf6_30d_imp_ainst	Int
user_ad_uac_bcf6_30d_imp_clk	Int
user_ad_uac_bcf6_30d_imp_inst	Int
user_ad_uac_bcf6_30d_inst	Int
user_ad_uac_bcf6_30d_inst/ainst	Int
user_ad_uac_bcf6_30d_inst_ainst	Int
user_ad_uac_bcf6_7d_ainst	Int
user_ad_uac_bcf6_7d_clk	Int
user_ad_uac_bcf6_7d_clk/ainst	Int
user_ad_uac_bcf6_7d_clk/inst	Int
user_ad_uac_bcf6_7d_clk_ainst	Int
user_ad_uac_bcf6_7d_clk_inst	Int
user_ad_uac_bcf6_7d_imp	Int
user_ad_uac_bcf6_7d_imp/ainst	Int
user_ad_uac_bcf6_7d_imp/clk	Int
user_ad_uac_bcf6_7d_imp/inst	Int
user_ad_uac_bcf6_7d_imp_ainst	Int
user_ad_uac_bcf6_7d_imp_clk	Int
user_ad_uac_bcf6_7d_imp_inst	Int
user_ad_uac_bcf6_7d_inst	Int
user_ad_uac_bcf6_7d_inst/ainst	Int
user_ad_uac_bcf6_7d_inst_ainst	Int
