up_uid	Int
up_uc_uid_7d_imp/clk	Int
up_uc_uid_7d_imp_clk	Int
up_uc_uid_3d_imp/clk	Int
up_uc_uid_3d_imp_clk	Int
ctx_model	Int
user_ad_uac_bcf3_7d_imp/clk	Int
up_ub2_city	Int
user_ad_uac_bcf3_7d_imp_clk	Int
up_uc_uid_1d_imp/clk	Int
user_ad_uac_bcf3_3d_imp/clk	Int
user_ad_uac_bcf8_7d_imp/clk	Int
user_ad_uac_bcf1_7d_imp/clk	Int
user_ad_uac_bcf2_7d_imp/clk	Int
up_uc_uid_1d_imp_clk	Int
user_ad_uac_bcf3_3d_imp_clk	Int
up_uc_uid_7d_imp/ainst	Int
user_ad_uac_bcf8_7d_imp_clk	Int
user_ad_uac_bcf1_7d_imp_clk	Int
user_ad_uac_bcf2_7d_imp_clk	Int
user_ad_uac_bcf1_3d_imp/clk	Int
user_ad_uac_bcf2_3d_imp/clk	Int
up_uc_uid_7d_imp_ainst	Int
up_uc_uid_7d_imp	Int
up_uc_uid_7d_imp/inst	Int
up_uc_uid_7d_imp_inst	Int
user_ad_uac_bcf8_3d_imp/clk	Int
user_ad_uac_bcf4_7d_imp/clk	Int
user_ad_uac_bcf5_7d_imp/clk	Int
user_ad_uac_bcf3_1d_imp/clk	Int
up_uc_uid_3d_imp/ainst	Int
user_ad_uac_bcf1_3d_imp_clk	Int
user_ad_uac_bcf2_3d_imp_clk	Int
user_ad_uac_bcf1_1d_imp/clk	Int
user_ad_uac_bcf2_1d_imp/clk	Int
user_ad_uac_bcf8_3d_imp_clk	Int
up_uc_uid_3d_imp_ainst	Int
up_uc_uid_3d_imp	Int
up_uc_uid_3d_imp/inst	Int
up_uc_uid_3d_imp_inst	Int
user_ad_uac_bcf4_3d_imp/clk	Int
user_ad_uac_bcf4_7d_imp_clk	Int
user_ad_uac_bcf5_3d_imp/clk	Int
user_ad_uac_bcf5_7d_imp_clk	Int
user_ad_uac_bcf3_1d_imp_clk	Int
user_ad_uac_bcf6_7d_imp/clk	Int
user_ad_uac_bcf8_1d_imp/clk	Int
user_ad_uac_bcf3_7d_imp/ainst	Int
user_ad_uac_bcf1_1d_imp_clk	Int
user_ad_uac_bcf2_1d_imp_clk	Int
user_ad_uac_bcf3_7d_imp	Int
user_ad_uac_bcf3_7d_imp/inst	Int
user_ad_uac_bcf3_7d_imp_ainst	Int
user_ad_uac_bcf3_7d_imp_inst	Int
user_ad_uac_bcf4_1d_imp/clk	Int
user_ad_uac_bcf5_1d_imp/clk	Int
user_ad_uac_bcf4_3d_imp_clk	Int
user_ad_uac_bcf5_3d_imp_clk	Int
up_uc_uid_1d_imp/ainst	Int
user_ad_uac_bcf3_3d_imp/ainst	Int
user_ad_uac_bcf6_7d_imp_clk	Int
user_ad_uac_bcf8_1d_imp_clk	Int
user_ad_uac_bcf8_7d_imp/ainst	Int
ad_ac_bcf7_7d_imp/clk	Int
user_ad_uac_bcf6_3d_imp/clk	Int
ad_ac_bcf7_7d_imp/ainst	Int
up_uc_uid_1d_imp_ainst	Int
ad_ac_bcf7_7d_imp_clk	Int
up_uc_uid_1d_imp	Int
up_uc_uid_1d_imp/inst	Int
up_uc_uid_1d_imp_inst	Int
ad_ac_bcf7_7d_imp_ainst	Int
user_ad_uac_bcf1_7d_imp/ainst	Int
user_ad_uac_bcf2_7d_imp/ainst	Int
user_ad_uac_bcf3_3d_imp	Int
user_ad_uac_bcf3_3d_imp/inst	Int
user_ad_uac_bcf3_3d_imp_ainst	Int
user_ad_uac_bcf3_3d_imp_inst	Int
user_ad_uac_bcf8_7d_imp	Int
user_ad_uac_bcf8_7d_imp/inst	Int
user_ad_uac_bcf8_7d_imp_ainst	Int
user_ad_uac_bcf8_7d_imp_inst	Int
ad_ac_bcf7_3d_imp/clk	Int
user_ad_uac_bcf7_7d_imp/clk	Int
ad_ac_bcf7_3d_imp_clk	Int
user_ad_uac_bcf1_7d_imp	Int
user_ad_uac_bcf1_7d_imp/inst	Int
user_ad_uac_bcf1_7d_imp_ainst	Int
user_ad_uac_bcf1_7d_imp_inst	Int
user_ad_uac_bcf2_7d_imp	Int
user_ad_uac_bcf2_7d_imp/inst	Int
user_ad_uac_bcf2_7d_imp_ainst	Int
user_ad_uac_bcf2_7d_imp_inst	Int
ad_ac_bcf7_3d_imp/ainst	Int
ad_ac_bcf7_7d_clk/ainst	Int
ad_ac_bcf7_7d_clk_ainst	Int
ad_ac_bcf7_3d_imp_ainst	Int
user_ad_uac_bcf4_1d_imp_clk	Int
user_ad_uac_bcf5_1d_imp_clk	Int
ad_ac_bcf7_7d_imp	Int
ad_ac_bcf7_7d_imp/inst	Int
ad_ac_bcf7_7d_imp_inst	Int
user_ad_uac_bcf6_1d_imp/clk	Int
ad_ac_bcf7_3d_clk/ainst	Int
ad_ac_bcf7_3d_clk_ainst	Int
ad_ac_bcf7_7d_clk	Int
ad_ac_bcf7_7d_clk/inst	Int
ad_ac_bcf7_7d_clk_inst	Int
ad_ac_bcf7_3d_imp	Int
ad_ac_bcf7_3d_imp/inst	Int
ad_ac_bcf7_3d_imp_inst	Int
user_ad_uac_bcf1_3d_imp/ainst	Int
user_ad_uac_bcf2_3d_imp/ainst	Int
user_ad_uac_bcf8_3d_imp/ainst	Int
ad_ac_bcf7_3d_clk	Int
ad_ac_bcf7_3d_clk/inst	Int
ad_ac_bcf7_3d_clk_inst	Int
user_ad_uac_bcf7_3d_imp/clk	Int
ad_ac_bcf7_1d_imp/clk	Int
user_ad_uac_bcf4_7d_imp/ainst	Int
user_ad_uac_bcf5_7d_imp/ainst	Int
user_ad_uac_bcf6_3d_imp_clk	Int
user_ad_uac_bcf1_3d_imp	Int
user_ad_uac_bcf1_3d_imp/inst	Int
user_ad_uac_bcf1_3d_imp_ainst	Int
user_ad_uac_bcf1_3d_imp_inst	Int
user_ad_uac_bcf2_3d_imp	Int
user_ad_uac_bcf2_3d_imp/inst	Int
user_ad_uac_bcf2_3d_imp_ainst	Int
user_ad_uac_bcf2_3d_imp_inst	Int
user_ad_uac_bcf8_3d_imp	Int
user_ad_uac_bcf8_3d_imp/inst	Int
user_ad_uac_bcf8_3d_imp_ainst	Int
user_ad_uac_bcf8_3d_imp_inst	Int
ad_ac_bcf7_1d_imp_clk	Int
user_ad_uac_bcf4_7d_imp	Int
user_ad_uac_bcf4_7d_imp/inst	Int
user_ad_uac_bcf4_7d_imp_ainst	Int
user_ad_uac_bcf4_7d_imp_inst	Int
user_ad_uac_bcf5_7d_imp	Int
user_ad_uac_bcf5_7d_imp/inst	Int
user_ad_uac_bcf5_7d_imp_ainst	Int
user_ad_uac_bcf5_7d_imp_inst	Int
ad_ac_bcf7_1d_imp/ainst	Int
ad_ac_bcf7_1d_imp_ainst	Int
user_ad_uac_bcf7_7d_imp_clk	Int
user_ad_uac_bcf3_1d_imp/ainst	Int
user_ad_uac_bcf1_1d_imp/ainst	Int
user_ad_uac_bcf2_1d_imp/ainst	Int
user_ad_uac_bcf3_1d_imp	Int
user_ad_uac_bcf3_1d_imp/inst	Int
user_ad_uac_bcf3_1d_imp_ainst	Int
user_ad_uac_bcf3_1d_imp_inst	Int
ad_ac_bcf7_1d_imp	Int
ad_ac_bcf7_1d_imp/inst	Int
ad_ac_bcf7_1d_imp_inst	Int
user_ad_uac_bcf7_1d_imp/clk	Int
ctx_brand	Int
user_ad_uac_bcf1_1d_imp	Int
user_ad_uac_bcf1_1d_imp/inst	Int
user_ad_uac_bcf1_1d_imp_ainst	Int
user_ad_uac_bcf1_1d_imp_inst	Int
user_ad_uac_bcf2_1d_imp	Int
user_ad_uac_bcf2_1d_imp/inst	Int
user_ad_uac_bcf2_1d_imp_ainst	Int
user_ad_uac_bcf2_1d_imp_inst	Int
user_ad_uac_bcf4_3d_imp/ainst	Int
user_ad_uac_bcf5_3d_imp/ainst	Int
ad_ac_bcf7_1d_clk/ainst	Int
user_ad_uac_bcf4_3d_imp	Int
user_ad_uac_bcf4_3d_imp/inst	Int
user_ad_uac_bcf4_3d_imp_ainst	Int
user_ad_uac_bcf4_3d_imp_inst	Int
user_ad_uac_bcf5_3d_imp	Int
user_ad_uac_bcf5_3d_imp/inst	Int
user_ad_uac_bcf5_3d_imp_ainst	Int
user_ad_uac_bcf5_3d_imp_inst	Int
user_ad_uac_bcf6_1d_imp_clk	Int
ad_ac_bcf7_1d_clk_ainst	Int
user_ad_uac_bcf6_7d_imp/ainst	Int
user_ad_uac_bcf7_3d_imp_clk	Int
user_ad_uac_bcf6_7d_imp	Int
user_ad_uac_bcf6_7d_imp/inst	Int
user_ad_uac_bcf6_7d_imp_ainst	Int
user_ad_uac_bcf6_7d_imp_inst	Int
user_ad_uac_bcf8_1d_imp/ainst	Int
ad_ac_bcf7_1d_clk	Int
ad_ac_bcf7_1d_clk/inst	Int
ad_ac_bcf7_1d_clk_inst	Int
user_ad_uac_bcf8_1d_imp	Int
user_ad_uac_bcf8_1d_imp/inst	Int
user_ad_uac_bcf8_1d_imp_ainst	Int
user_ad_uac_bcf8_1d_imp_inst	Int
user_ad_uac_bcf4_1d_imp/ainst	Int
user_ad_uac_bcf5_1d_imp/ainst	Int
user_ad_uac_bcf4_1d_imp	Int
user_ad_uac_bcf4_1d_imp/inst	Int
user_ad_uac_bcf4_1d_imp_ainst	Int
user_ad_uac_bcf4_1d_imp_inst	Int
user_ad_uac_bcf5_1d_imp	Int
user_ad_uac_bcf5_1d_imp/inst	Int
user_ad_uac_bcf5_1d_imp_ainst	Int
user_ad_uac_bcf5_1d_imp_inst	Int
user_ad_uac_bcf7_1d_imp_clk	Int
user_ad_uac_bcf6_3d_imp/ainst	Int
ctx_app_ver	Int
user_ad_uac_bcf6_3d_imp	Int
user_ad_uac_bcf6_3d_imp/inst	Int
user_ad_uac_bcf6_3d_imp_ainst	Int
user_ad_uac_bcf6_3d_imp_inst	Int
user_ad_uac_bcf7_7d_imp	Int
user_ad_uac_bcf7_7d_imp/ainst	Int
user_ad_uac_bcf7_7d_imp/inst	Int
user_ad_uac_bcf7_7d_imp_ainst	Int
user_ad_uac_bcf7_7d_imp_inst	Int
ad_ac_bcf4_7d_imp	Int
ad_ac_bcf4_7d_imp/ainst	Int
ad_ac_bcf4_7d_imp/clk	Int
ad_ac_bcf4_7d_imp/inst	Int
ad_ac_bcf4_7d_imp_ainst	Int
ad_ac_bcf4_7d_imp_clk	Int
ad_ac_bcf4_7d_imp_inst	Int
ad_ac_bcf5_7d_imp	Int
ad_ac_bcf5_7d_imp/ainst	Int
ad_ac_bcf5_7d_imp/clk	Int
ad_ac_bcf5_7d_imp/inst	Int
ad_ac_bcf5_7d_imp_ainst	Int
ad_ac_bcf5_7d_imp_clk	Int
ad_ac_bcf5_7d_imp_inst	Int
user_ad_uac_bcf6_1d_imp/ainst	Int
ad_ac_bcf4_7d_clk/ainst	Int
ad_ac_bcf4_7d_clk_ainst	Int
ad_ac_bcf5_7d_clk/ainst	Int
ad_ac_bcf5_7d_clk_ainst	Int
user_ad_uac_bcf6_1d_imp	Int
user_ad_uac_bcf6_1d_imp/inst	Int
user_ad_uac_bcf6_1d_imp_ainst	Int
user_ad_uac_bcf6_1d_imp_inst	Int
ad_ac_bcf4_3d_imp/ainst	Int
ad_ac_bcf4_3d_imp/clk	Int
ad_ac_bcf4_3d_imp_ainst	Int
ad_ac_bcf4_3d_imp_clk	Int
ad_ac_bcf4_7d_clk	Int
ad_ac_bcf4_7d_clk/inst	Int
ad_ac_bcf4_7d_clk_inst	Int
ad_ac_bcf5_3d_imp/ainst	Int
ad_ac_bcf5_3d_imp/clk	Int
ad_ac_bcf5_3d_imp_ainst	Int
ad_ac_bcf5_3d_imp_clk	Int
ad_ac_bcf5_7d_clk	Int
ad_ac_bcf5_7d_clk/inst	Int
ad_ac_bcf5_7d_clk_inst	Int
user_ad_uac_bcf7_3d_imp	Int
user_ad_uac_bcf7_3d_imp/ainst	Int
user_ad_uac_bcf7_3d_imp/inst	Int
user_ad_uac_bcf7_3d_imp_ainst	Int
user_ad_uac_bcf7_3d_imp_inst	Int
ad_ac_bcf4_3d_imp	Int
ad_ac_bcf4_3d_imp/inst	Int
ad_ac_bcf4_3d_imp_inst	Int
ad_ac_bcf5_3d_imp	Int
ad_ac_bcf5_3d_imp/inst	Int
ad_ac_bcf5_3d_imp_inst	Int
up_uc_uid_7d_clk/ainst	Int
ad_ac_bcf7_7d_ainst	Int
ad_ac_bcf7_7d_inst_ainst	Int
up_ub2_province	Int
user_ad_uac_bcf7_1d_imp	Int
user_ad_uac_bcf7_1d_imp/ainst	Int
user_ad_uac_bcf7_1d_imp/inst	Int
user_ad_uac_bcf7_1d_imp_ainst	Int
user_ad_uac_bcf7_1d_imp_inst	Int
ad_ac_bcf4_3d_clk	Int
ad_ac_bcf4_3d_clk/ainst	Int
ad_ac_bcf4_3d_clk/inst	Int
ad_ac_bcf4_3d_clk_ainst	Int
ad_ac_bcf4_3d_clk_inst	Int
ad_ac_bcf5_3d_clk	Int
ad_ac_bcf5_3d_clk/ainst	Int
ad_ac_bcf5_3d_clk/inst	Int
ad_ac_bcf5_3d_clk_ainst	Int
ad_ac_bcf5_3d_clk_inst	Int
ad_ac_bcf7_3d_ainst	Int
ad_ac_bcf7_3d_inst_ainst	Int
ad_ac_bcf4_1d_imp	Int
ad_ac_bcf4_1d_imp/ainst	Int
ad_ac_bcf4_1d_imp/clk	Int
ad_ac_bcf4_1d_imp/inst	Int
ad_ac_bcf4_1d_imp_ainst	Int
ad_ac_bcf4_1d_imp_clk	Int
ad_ac_bcf4_1d_imp_inst	Int
ad_ac_bcf5_1d_imp	Int
ad_ac_bcf5_1d_imp/ainst	Int
ad_ac_bcf5_1d_imp/clk	Int
ad_ac_bcf5_1d_imp/inst	Int
ad_ac_bcf5_1d_imp_ainst	Int
ad_ac_bcf5_1d_imp_clk	Int
ad_ac_bcf5_1d_imp_inst	Int
ad_ac_bcf8_3d_clk	Int
ad_ac_bcf8_3d_clk/ainst	Int
ad_ac_bcf8_3d_clk/inst	Int
ad_ac_bcf8_3d_clk_ainst	Int
ad_ac_bcf8_3d_clk_inst	Int
ad_ac_bcf8_3d_imp/ainst	Int
ad_ac_bcf8_3d_imp/clk	Int
ad_ac_bcf8_3d_imp_ainst	Int
ad_ac_bcf8_3d_imp_clk	Int
ad_ac_bcf8_7d_clk	Int
ad_ac_bcf8_7d_clk/ainst	Int
ad_ac_bcf8_7d_clk/inst	Int
ad_ac_bcf8_7d_clk_ainst	Int
ad_ac_bcf8_7d_clk_inst	Int
ad_ac_bcf8_7d_imp/ainst	Int
ad_ac_bcf8_7d_imp/clk	Int
ad_ac_bcf8_7d_imp_ainst	Int
ad_ac_bcf8_7d_imp_clk	Int
ad_ac_bcf6_7d_imp/clk	Int
ad_ac_bcf8_1d_imp	Int
ad_ac_bcf8_1d_imp/ainst	Int
ad_ac_bcf8_1d_imp/clk	Int
ad_ac_bcf8_1d_imp/inst	Int
ad_ac_bcf8_1d_imp_ainst	Int
ad_ac_bcf8_1d_imp_clk	Int
ad_ac_bcf8_1d_imp_inst	Int
ad_ac_bcf8_3d_imp	Int
ad_ac_bcf8_3d_imp/inst	Int
ad_ac_bcf8_3d_imp_inst	Int
ad_ac_bcf6_7d_imp/ainst	Int
ad_ac_bcf6_7d_imp_ainst	Int
ad_ac_bcf6_7d_imp_clk	Int
ad_ac_bcf8_7d_imp	Int
ad_ac_bcf8_7d_imp/inst	Int
ad_ac_bcf8_7d_imp_inst	Int
up_uc_uid_7d_clk_ainst	Int
up_uc_uid_3d_clk/ainst	Int
ad_ac_bcf6_7d_imp	Int
ad_ac_bcf6_7d_imp/inst	Int
ad_ac_bcf6_7d_imp_inst	Int
up_uc_uid_7d_clk	Int
up_uc_uid_7d_clk/inst	Int
up_uc_uid_7d_clk_inst	Int
ad_ac_bcf4_1d_clk	Int
ad_ac_bcf4_1d_clk/ainst	Int
ad_ac_bcf4_1d_clk/inst	Int
ad_ac_bcf4_1d_clk_ainst	Int
ad_ac_bcf4_1d_clk_inst	Int
ad_ac_bcf5_1d_clk	Int
ad_ac_bcf5_1d_clk/ainst	Int
ad_ac_bcf5_1d_clk/inst	Int
ad_ac_bcf5_1d_clk_ainst	Int
ad_ac_bcf5_1d_clk_inst	Int
ad_ac_bcf6_3d_imp/ainst	Int
ad_ac_bcf6_3d_imp/clk	Int
ad_ac_bcf6_3d_imp_ainst	Int
ad_ac_bcf6_3d_imp_clk	Int
ad_ac_bcf6_1d_imp/ainst	Int
ad_ac_bcf6_1d_imp/clk	Int
ad_ac_bcf6_1d_imp_ainst	Int
ad_ac_bcf6_7d_clk/ainst	Int
ad_ac_bcf6_7d_clk_ainst	Int
ad_ac_bcf7_1d_ainst	Int
ad_ac_bcf7_1d_inst_ainst	Int
ad_ac_bcf8_1d_clk	Int
ad_ac_bcf8_1d_clk/ainst	Int
ad_ac_bcf8_1d_clk/inst	Int
ad_ac_bcf8_1d_clk_ainst	Int
ad_ac_bcf8_1d_clk_inst	Int
ad_ac_bcf8_7d_ainst	Int
ad_ac_bcf8_7d_inst_ainst	Int
ctx_req_hour	Int
ad_ac_bcf6_1d_imp_clk	Int
ad_ac_bcf6_7d_clk	Int
ad_ac_bcf6_7d_clk/inst	Int
ad_ac_bcf6_7d_clk_inst	Int
ad_ac_bcf4_7d_ainst	Int
ad_ac_bcf4_7d_inst_ainst	Int
ad_ac_bcf5_7d_ainst	Int
ad_ac_bcf5_7d_inst_ainst	Int
ad_ac_bcf6_1d_imp	Int
ad_ac_bcf6_1d_imp/inst	Int
ad_ac_bcf6_1d_imp_inst	Int
ad_ac_bcf6_3d_clk	Int
ad_ac_bcf6_3d_clk/ainst	Int
ad_ac_bcf6_3d_clk/inst	Int
ad_ac_bcf6_3d_clk_ainst	Int
ad_ac_bcf6_3d_clk_inst	Int
ad_ac_bcf6_3d_imp	Int
ad_ac_bcf6_3d_imp/inst	Int
ad_ac_bcf6_3d_imp_inst	Int
ad_ac_bcf8_3d_ainst	Int
ad_ac_bcf8_3d_inst_ainst	Int
ad_ac_bcf4_3d_ainst	Int
ad_ac_bcf4_3d_inst_ainst	Int
ad_ac_bcf5_3d_ainst	Int
ad_ac_bcf5_3d_inst_ainst	Int
up_uc_uid_3d_clk_ainst	Int
up_uc_uid_3d_clk	Int
up_uc_uid_3d_clk/inst	Int
up_uc_uid_3d_clk_inst	Int
ad_ac_bcf6_7d_ainst	Int
ad_ac_bcf6_7d_inst_ainst	Int
user_ad_uac_bcf3_7d_clk/ainst	Int
ad_ac_bcf4_1d_ainst	Int
ad_ac_bcf4_1d_inst_ainst	Int
ad_ac_bcf5_1d_ainst	Int
ad_ac_bcf5_1d_inst_ainst	Int
ad_ac_bcf6_1d_clk/ainst	Int
ad_ac_bcf6_1d_clk_ainst	Int
ad_ac_bcf6_3d_ainst	Int
ad_ac_bcf6_3d_inst_ainst	Int
ad_ac_bcf8_1d_ainst	Int
ad_ac_bcf8_1d_inst_ainst	Int
up_uc_uid_1d_clk/ainst	Int
user_ad_uac_bcf3_3d_clk/ainst	Int
ad_ai_adid	Int
ad_ai_aid	Int
ad_ac_bcf6_1d_clk	Int
ad_ac_bcf6_1d_clk/inst	Int
ad_ac_bcf6_1d_clk_inst	Int
up_uc_uid_1d_clk_ainst	Int
user_ad_uac_bcf1_7d_clk/ainst	Int
user_ad_uac_bcf2_7d_clk/ainst	Int
user_ad_uac_bcf3_7d_clk	Int
user_ad_uac_bcf3_7d_clk/inst	Int
user_ad_uac_bcf3_7d_clk_ainst	Int
user_ad_uac_bcf3_7d_clk_inst	Int
up_uc_uid_1d_clk	Int
up_uc_uid_1d_clk/inst	Int
up_uc_uid_1d_clk_inst	Int
user_ad_uac_bcf8_7d_clk/ainst	Int
ad_ac_bcf1_7d_imp	Int
ad_ac_bcf1_7d_imp/ainst	Int
ad_ac_bcf1_7d_imp/clk	Int
ad_ac_bcf1_7d_imp/inst	Int
ad_ac_bcf1_7d_imp_ainst	Int
ad_ac_bcf1_7d_imp_clk	Int
ad_ac_bcf1_7d_imp_inst	Int
ad_ac_bcf2_7d_imp	Int
ad_ac_bcf2_7d_imp/ainst	Int
ad_ac_bcf2_7d_imp/clk	Int
ad_ac_bcf2_7d_imp/inst	Int
ad_ac_bcf2_7d_imp_ainst	Int
ad_ac_bcf2_7d_imp_clk	Int
ad_ac_bcf2_7d_imp_inst	Int
ad_ac_bcf6_1d_ainst	Int
ad_ac_bcf6_1d_inst_ainst	Int
ctx_os4	Int
user_ad_uac_bcf1_3d_clk/ainst	Int
user_ad_uac_bcf2_3d_clk/ainst	Int
user_ad_uac_bcf3_3d_clk	Int
user_ad_uac_bcf3_3d_clk/inst	Int
user_ad_uac_bcf3_3d_clk_ainst	Int
user_ad_uac_bcf3_3d_clk_inst	Int
user_ad_uac_bcf1_1d_clk/ainst	Int
user_ad_uac_bcf2_1d_clk/ainst	Int
user_ad_uac_bcf3_1d_clk/ainst	Int
user_ad_uac_bcf1_7d_clk	Int
user_ad_uac_bcf1_7d_clk/inst	Int
user_ad_uac_bcf1_7d_clk_ainst	Int
user_ad_uac_bcf1_7d_clk_inst	Int
user_ad_uac_bcf2_7d_clk	Int
user_ad_uac_bcf2_7d_clk/inst	Int
user_ad_uac_bcf2_7d_clk_ainst	Int
user_ad_uac_bcf2_7d_clk_inst	Int
user_ad_uac_bcf8_3d_clk/ainst	Int
ad_ac_bcf1_7d_clk	Int
ad_ac_bcf1_7d_clk/ainst	Int
ad_ac_bcf1_7d_clk/inst	Int
ad_ac_bcf1_7d_clk_ainst	Int
ad_ac_bcf1_7d_clk_inst	Int
ad_ac_bcf2_7d_clk	Int
ad_ac_bcf2_7d_clk/ainst	Int
ad_ac_bcf2_7d_clk/inst	Int
ad_ac_bcf2_7d_clk_ainst	Int
ad_ac_bcf2_7d_clk_inst	Int
user_ad_uac_bcf8_7d_clk	Int
user_ad_uac_bcf8_7d_clk/inst	Int
user_ad_uac_bcf8_7d_clk_ainst	Int
user_ad_uac_bcf8_7d_clk_inst	Int
ad_ac_bcf1_1d_imp	Int
ad_ac_bcf1_1d_imp/ainst	Int
ad_ac_bcf1_1d_imp/clk	Int
ad_ac_bcf1_1d_imp/inst	Int
ad_ac_bcf1_1d_imp_ainst	Int
ad_ac_bcf1_1d_imp_clk	Int
ad_ac_bcf1_1d_imp_inst	Int
ad_ac_bcf1_3d_clk	Int
ad_ac_bcf1_3d_clk/ainst	Int
ad_ac_bcf1_3d_clk/inst	Int
ad_ac_bcf1_3d_clk_ainst	Int
ad_ac_bcf1_3d_clk_inst	Int
ad_ac_bcf1_3d_imp	Int
ad_ac_bcf1_3d_imp/ainst	Int
ad_ac_bcf1_3d_imp/clk	Int
ad_ac_bcf1_3d_imp/inst	Int
ad_ac_bcf1_3d_imp_ainst	Int
ad_ac_bcf1_3d_imp_clk	Int
ad_ac_bcf1_3d_imp_inst	Int
ad_ac_bcf2_1d_imp	Int
ad_ac_bcf2_1d_imp/ainst	Int
ad_ac_bcf2_1d_imp/clk	Int
ad_ac_bcf2_1d_imp/inst	Int
ad_ac_bcf2_1d_imp_ainst	Int
ad_ac_bcf2_1d_imp_clk	Int
ad_ac_bcf2_1d_imp_inst	Int
ad_ac_bcf2_3d_clk	Int
ad_ac_bcf2_3d_clk/ainst	Int
ad_ac_bcf2_3d_clk/inst	Int
ad_ac_bcf2_3d_clk_ainst	Int
ad_ac_bcf2_3d_clk_inst	Int
ad_ac_bcf2_3d_imp	Int
ad_ac_bcf2_3d_imp/ainst	Int
ad_ac_bcf2_3d_imp/clk	Int
ad_ac_bcf2_3d_imp/inst	Int
ad_ac_bcf2_3d_imp_ainst	Int
ad_ac_bcf2_3d_imp_clk	Int
ad_ac_bcf2_3d_imp_inst	Int
ctx_pi1	Int
user_ad_uac_bcf1_3d_clk	Int
user_ad_uac_bcf1_3d_clk/inst	Int
user_ad_uac_bcf1_3d_clk_ainst	Int
user_ad_uac_bcf1_3d_clk_inst	Int
user_ad_uac_bcf2_3d_clk	Int
user_ad_uac_bcf2_3d_clk/inst	Int
user_ad_uac_bcf2_3d_clk_ainst	Int
user_ad_uac_bcf2_3d_clk_inst	Int
user_ad_uac_bcf4_3d_clk/ainst	Int
user_ad_uac_bcf4_7d_clk/ainst	Int
user_ad_uac_bcf5_3d_clk/ainst	Int
user_ad_uac_bcf5_7d_clk/ainst	Int
user_ad_uac_bcf6_3d_clk/ainst	Int
user_ad_uac_bcf6_7d_clk/ainst	Int
user_ad_uac_bcf8_3d_clk	Int
user_ad_uac_bcf8_3d_clk/inst	Int
user_ad_uac_bcf8_3d_clk_ainst	Int
user_ad_uac_bcf8_3d_clk_inst	Int
user_ad_uac_bcf1_1d_clk	Int
user_ad_uac_bcf1_1d_clk/inst	Int
user_ad_uac_bcf1_1d_clk_ainst	Int
user_ad_uac_bcf1_1d_clk_inst	Int
user_ad_uac_bcf2_1d_clk	Int
user_ad_uac_bcf2_1d_clk/inst	Int
user_ad_uac_bcf2_1d_clk_ainst	Int
user_ad_uac_bcf2_1d_clk_inst	Int
user_ad_uac_bcf3_1d_clk	Int
user_ad_uac_bcf3_1d_clk/inst	Int
user_ad_uac_bcf3_1d_clk_ainst	Int
user_ad_uac_bcf3_1d_clk_inst	Int
user_ad_uac_bcf4_1d_clk/ainst	Int
user_ad_uac_bcf5_1d_clk/ainst	Int
user_ad_uac_bcf6_1d_clk/ainst	Int
user_ad_uac_bcf8_1d_clk/ainst	Int
ad_ac_bcf1_1d_clk	Int
ad_ac_bcf1_1d_clk/ainst	Int
ad_ac_bcf1_1d_clk/inst	Int
ad_ac_bcf1_1d_clk_ainst	Int
ad_ac_bcf1_1d_clk_inst	Int
ad_ac_bcf1_7d_ainst	Int
ad_ac_bcf1_7d_inst_ainst	Int
ad_ac_bcf2_1d_clk	Int
ad_ac_bcf2_1d_clk/ainst	Int
ad_ac_bcf2_1d_clk/inst	Int
ad_ac_bcf2_1d_clk_ainst	Int
ad_ac_bcf2_1d_clk_inst	Int
ad_ac_bcf2_7d_ainst	Int
ad_ac_bcf2_7d_inst_ainst	Int
ad_ai_cate	Int
ad_ac_bcf1_3d_ainst	Int
ad_ac_bcf1_3d_inst_ainst	Int
ad_ac_bcf2_3d_ainst	Int
ad_ac_bcf2_3d_inst_ainst	Int
user_ad_uac_bcf4_3d_clk	Int
user_ad_uac_bcf4_3d_clk/inst	Int
user_ad_uac_bcf4_3d_clk_ainst	Int
user_ad_uac_bcf4_3d_clk_inst	Int
user_ad_uac_bcf4_7d_clk	Int
user_ad_uac_bcf4_7d_clk/inst	Int
user_ad_uac_bcf4_7d_clk_ainst	Int
user_ad_uac_bcf4_7d_clk_inst	Int
user_ad_uac_bcf5_3d_clk	Int
user_ad_uac_bcf5_3d_clk/inst	Int
user_ad_uac_bcf5_3d_clk_ainst	Int
user_ad_uac_bcf5_3d_clk_inst	Int
user_ad_uac_bcf5_7d_clk	Int
user_ad_uac_bcf5_7d_clk/inst	Int
user_ad_uac_bcf5_7d_clk_ainst	Int
user_ad_uac_bcf5_7d_clk_inst	Int
user_ad_uac_bcf6_3d_clk	Int
user_ad_uac_bcf6_3d_clk/inst	Int
user_ad_uac_bcf6_3d_clk_ainst	Int
user_ad_uac_bcf6_3d_clk_inst	Int
user_ad_uac_bcf6_7d_clk	Int
user_ad_uac_bcf6_7d_clk/inst	Int
user_ad_uac_bcf6_7d_clk_ainst	Int
user_ad_uac_bcf6_7d_clk_inst	Int
user_ad_uac_bcf4_1d_clk	Int
user_ad_uac_bcf4_1d_clk/inst	Int
user_ad_uac_bcf4_1d_clk_ainst	Int
user_ad_uac_bcf4_1d_clk_inst	Int
user_ad_uac_bcf5_1d_clk	Int
user_ad_uac_bcf5_1d_clk/inst	Int
user_ad_uac_bcf5_1d_clk_ainst	Int
user_ad_uac_bcf5_1d_clk_inst	Int
user_ad_uac_bcf6_1d_clk	Int
user_ad_uac_bcf6_1d_clk/inst	Int
user_ad_uac_bcf6_1d_clk_ainst	Int
user_ad_uac_bcf6_1d_clk_inst	Int
user_ad_uac_bcf8_1d_clk	Int
user_ad_uac_bcf8_1d_clk/inst	Int
user_ad_uac_bcf8_1d_clk_ainst	Int
user_ad_uac_bcf8_1d_clk_inst	Int
ad_ac_bcf3_1d_clk	Int
ad_ac_bcf3_1d_clk/ainst	Int
ad_ac_bcf3_1d_clk/inst	Int
ad_ac_bcf3_1d_clk_ainst	Int
ad_ac_bcf3_1d_clk_inst	Int
ad_ac_bcf3_1d_imp	Int
ad_ac_bcf3_1d_imp/ainst	Int
ad_ac_bcf3_1d_imp/clk	Int
ad_ac_bcf3_1d_imp/inst	Int
ad_ac_bcf3_1d_imp_ainst	Int
ad_ac_bcf3_1d_imp_clk	Int
ad_ac_bcf3_1d_imp_inst	Int
ad_ac_bcf3_3d_ainst	Int
ad_ac_bcf3_3d_clk	Int
ad_ac_bcf3_3d_clk/ainst	Int
ad_ac_bcf3_3d_clk/inst	Int
ad_ac_bcf3_3d_clk_ainst	Int
ad_ac_bcf3_3d_clk_inst	Int
ad_ac_bcf3_3d_imp	Int
ad_ac_bcf3_3d_imp/ainst	Int
ad_ac_bcf3_3d_imp/clk	Int
ad_ac_bcf3_3d_imp/inst	Int
ad_ac_bcf3_3d_imp_ainst	Int
ad_ac_bcf3_3d_imp_clk	Int
ad_ac_bcf3_3d_imp_inst	Int
ad_ac_bcf3_3d_inst_ainst	Int
ad_ac_bcf3_7d_ainst	Int
ad_ac_bcf3_7d_clk	Int
ad_ac_bcf3_7d_clk/ainst	Int
ad_ac_bcf3_7d_clk/inst	Int
ad_ac_bcf3_7d_clk_ainst	Int
ad_ac_bcf3_7d_clk_inst	Int
ad_ac_bcf3_7d_imp/ainst	Int
ad_ac_bcf3_7d_imp/clk	Int
ad_ac_bcf3_7d_imp_ainst	Int
ad_ac_bcf3_7d_imp_clk	Int
ad_ac_bcf3_7d_inst_ainst	Int
ad_ac_bcf1_1d_ainst	Int
ad_ac_bcf1_1d_inst_ainst	Int
ad_ac_bcf2_1d_ainst	Int
ad_ac_bcf2_1d_inst_ainst	Int
ad_ac_bcf3_1d_ainst	Int
ad_ac_bcf3_1d_inst_ainst	Int
ad_ac_bcf3_7d_imp	Int
ad_ac_bcf3_7d_imp/inst	Int
ad_ac_bcf3_7d_imp_inst	Int
up_ub2_age	Int
user_ad_uac_bcf7_3d_clk	Int
user_ad_uac_bcf7_3d_clk/ainst	Int
user_ad_uac_bcf7_3d_clk/inst	Int
user_ad_uac_bcf7_3d_clk_ainst	Int
user_ad_uac_bcf7_3d_clk_inst	Int
user_ad_uac_bcf7_7d_clk	Int
user_ad_uac_bcf7_7d_clk/ainst	Int
user_ad_uac_bcf7_7d_clk/inst	Int
user_ad_uac_bcf7_7d_clk_ainst	Int
user_ad_uac_bcf7_7d_clk_inst	Int
user_ad_uac_bcf7_1d_clk	Int
user_ad_uac_bcf7_1d_clk/ainst	Int
user_ad_uac_bcf7_1d_clk/inst	Int
user_ad_uac_bcf7_1d_clk_ainst	Int
user_ad_uac_bcf7_1d_clk_inst	Int
